Workbook

Sheet Cover Page
B2: ImpactCocoa Data Management Platform
B4: Group Member Registry (GMR) – Reporting Template
B5: Rainforest Alliance Annex S13 – Version 1.3 | Adapted for ImpactCocoa Database
B7: Document Code: | C7: SA-S-SD-14 (ImpactCocoa Edition)
B9: Version: | C9: 1.3
B11: Applicable to: | C11: AgroEco Ghana – Cooperatives under ImpactCocoa Programme
B13: Crop: | C13: Cocoa (Theobroma cacao)
B15: Certification: | C15: Rainforest Alliance Farm Certification
B17: DB Source: | C17: ImpactCocoa PostgreSQL – farmer_master, plot_master, inspection_records, cocoa_purchase
B19: Prepared by:
B21: Contact:
B23: Date:
B25: Reporting Year:
B28: ⚠ This template is pre-mapped to the ImpactCocoa database schema. Data must be exported from the ImpactCocoa platform and pasted into tabs 1–3 before submission to the Rainforest Alliance RACP portal. All coordinates must be in WGS84 / EPSG:4326 decimal-degree format with a minimum of 6 decimal places.

Sheet DB Field Mapping
B1: ImpactCocoa → Rainforest Alliance GMR | Field Mapping Reference
B2: This sheet maps every column in the GMR data tabs to the corresponding ImpactCocoa database table and field name. Use it as the export specification when generating the GMR from the ImpactCocoa platform.
B4: GMR Tab | C4: GMR Col # | D4: GMR Column Name (RA) | E4: ImpactCocoa DB Table | F4: ImpactCocoa DB Field | G4: Data Type | H4: Mandatory? | I4: Transformation / Notes
B5: 1. Farm Info | C5: 1 | D5: Unique Internal Farm ID | E5: plot_master | F5: plot_id | G5: TEXT | H5: ★ Mandatory | I5: PK of the plot. Format: [COOP]-[COMM]-[HH]-[PLOT]. No duplicates.
B6: 1. Farm Info | C6: 2 | D6: National Farm ID | E6: — | F6: — (N/A for Ghana) | G6: TEXT | H6: If avail. | I6: Not applicable for Ghana. Leave blank or enter 'N/A'.
B7: 1. Farm Info | C7: 3 | D7: Village / City | E7: community_master | F7: community_name | G7: TEXT | H7: ★ Mandatory | I7: Derivable via community_id FK on plot_master.
B8: 1. Farm Info | C8: 4 | D8: District / State / Province | E8: plot_master | F8: district (via farmer_master) | G8: TEXT | H8: ★ Mandatory | I8: District stored in farmer_master; join via farmer_code.
B9: 1. Farm Info | C9: 5 | D9: Internal Inspection Region | E9: cooperative_master | F9: cooperative_name | G9: TEXT | H9: Optional | I9: Use cooperative name. Maps to IMS region grouping.
B10: 1. Farm Info | C10: 6 | D10: Total Farm Area (ha) | E10: plot_master | F10: area_acres × 0.405 | G10: DECIMAL | H10: ★ Mandatory | I10: Convert: ha = area_acres × 0.405. Round to 2 decimal places.
B11: 1. Farm Info | C11: 7 | D11: Farm Type (Small / Large) | E11: plot_master | F11: DERIVED: area_acres × 0.405 | G11: SELECT | H11: ★ Mandatory | I11: < 4 ha = 'Small farm'; ≥ 4 ha = 'Large farm'.
B12: 1. Farm Info | C12: 8 | D12: Number of Farm Units | E12: plot_master | F12: COUNT(plot_id) per farmer_code | G12: INTEGER | H12: ★ Mandatory | I12: Count of plot rows linked to this farmer_code.
B13: 1. Farm Info | C13: 9 | D13: Number of Certified Crops | E13: — | F13: HARDCODE: 1 | G13: INTEGER | H13: ★ Mandatory | I13: ImpactCocoa scope = cocoa only. Always 1.
B14: 1. Farm Info | C14: 10 | D14: Operator First Name | E14: plot_master | F14: operator_first_name | G14: TEXT | H14: ★ Mandatory | I14: Farm operator identity — EUDR field.
B15: 1. Farm Info | C15: 11 | D15: Operator Surname | E15: plot_master | F15: operator_last_name | G15: TEXT | H15: ★ Mandatory
B16: 1. Farm Info | C16: 12 | D16: Operator Phone Number | E16: plot_master | F16: operator_phone | G16: TEXT | H16: If avail.
B17: 1. Farm Info | C17: 13 | D17: Operator National ID | E17: plot_master | F17: operator_ghana_card | G17: TEXT | H17: If avail. | I17: Ghana Card number. Mandatory for Ghana per RA guidance.
B18: 1. Farm Info | C18: 14 | D18: Operator Gender | E18: plot_master | F18: operator_gender | G18: SELECT | H18: ★ Mandatory | I18: Values: Male / Female.
B19: 1. Farm Info | C19: 15 | D19: Operator Year of Birth | E19: plot_master | F19: YEAR(operator_dob) | G19: INTEGER | H19: ★ Mandatory | I19: Extract year from operator_dob (date). e.g. 1978.
B20: 1. Farm Info | C20: 16 | D20: Owner First Name | E20: farmer_master | F20: first_name | G20: TEXT | H20: If diff. | I20: Only if owner ≠ operator. Source: farmer_master.
B21: 1. Farm Info | C21: 17 | D21: Owner Surname | E21: farmer_master | F21: surname | G21: TEXT | H21: If diff.
B22: 1. Farm Info | C22: 18 | D22: Owner Phone Number | E22: farmer_master | F22: phone_number | G22: TEXT | H22: If diff.
B23: 1. Farm Info | C23: 19 | D23: Owner National ID | E23: farmer_master | F23: ghana_card_number | G23: TEXT | H23: If diff. | I23: Ghana Card number of the farm owner.
B24: 1. Farm Info | C24: 20 | D24: Owner Gender | E24: farmer_master | F24: gender | G24: SELECT | H24: If diff.
B25: 1. Farm Info | C25: 21 | D25: Permanent Workers | E25: inspection_records | F25: number_of_permanent_staff | G25: INTEGER | H25: ★ Mandatory | I25: From most recent inspection for this plot_id.
B26: 1. Farm Info | C26: 22 | D26: Est. Temporary Workers/year | E26: inspection_records | F26: number_of_temporary_staff | G26: INTEGER | H26: ★ Mandatory | I26: From most recent inspection for this plot_id.
B27: 1. Farm Info | C27: 23 | D27: Internal Inspector Name | E27: inspection_records | F27: inspector_name | G27: TEXT | H27: ★ Mandatory | I27: From inspection_records joined to staff_master.
B28: 1. Farm Info | C28: 24 | D28: Inspection Year | E28: inspection_records | F28: YEAR(date_of_inspection) | G28: INTEGER | H28: ★ Mandatory | I28: 4-digit year, e.g. 2025.
B29: 1. Farm Info | C29: 25 | D29: Inspection Month | E29: inspection_records | F29: MONTH(date_of_inspection) | G29: INTEGER | H29: ★ Mandatory | I29: Numeric month 1–12.
B30: 1. Farm Info | C30: 26 | D30: Inspection Day | E30: inspection_records | F30: DAY(date_of_inspection) | G30: INTEGER | H30: ★ Mandatory | I30: Numeric day 1–31.
B31: 2. Cert. Crop | C31: 1 | D31: Unique Internal Farm ID | E31: plot_master | F31: plot_id | G31: TEXT | H31: ★ Mandatory | I31: Must match exactly to Tab 1 Col 1.
B32: 2. Cert. Crop | C32: 2 | D32: Certified Crop | E32: — | F32: HARDCODE: 'Cocoa' | G32: TEXT | H32: ★ Mandatory | I32: Always 'Cocoa' for ImpactCocoa.
B33: 2. Cert. Crop | C33: 3 | D33: Variety | E33: plot_master | F33: cocoa_variety | G33: SELECT | H33: If avail. | I33: Values: Hybrid / Amazon / Amelonado / Other. Map to RA crop list.
B34: 2. Cert. Crop | C34: 4 | D34: Certified Crop Area (ha) | E34: plot_master | F34: area_acres × 0.405 | G34: DECIMAL | H34: ★ Mandatory | I34: Same conversion as Tab 1 Col 6.
B35: 2. Cert. Crop | C35: 5 | D35: Harvest Estimate Current Year | E35: inspection_records | F35: total_estimate_next_season_kg | G35: DECIMAL | H35: ★ Mandatory | I35: Reported in kg. From most recent inspection.
B36: 2. Cert. Crop | C36: 6 | D36: Harvest Previous Year (kg) | E36: inspection_records | F36: total_harvest_current_season_kg | G36: DECIMAL | H36: ★ Mandatory | I36: Reported in kg. From previous season inspection.
... B42: 3. Farm Unit | C42: 5 | D42: Longitude (DD format) | E42: plot_master | F42: farm_gps_point [lng] | G42: DECIMAL | H42: ★ Mandatory | I42: Extract longitude from GPS point. WGS84 DD. Min 6 decimal places. Required for largest plot.

Sheet 1. Farm Information
A1: ImpactCocoa – Group Member Registry | Tab 1: Farm Information | Rainforest Alliance Annex S13 v1.3
A2: FARM | J2: FARM OPERATOR | P2: FARM OWNER (if different from operator — main owner) | U2: WORKERS | W2: INTERNAL INSPECTION DATA | AA2: VALIDATION (auto)
A3: 1. Unique Internal Farm ID * (= plot_id) | B3: 2. National Farm ID (N/A – Ghana) | C3: 3. Village / City * | D3: 4. District * | E3: 5. Inspection Region | F3: 6. Total Farm Area (ha) * | G3: 7. Farm Type * (Small/Large) | H3: 8. No. of Farm Units * | I3: 9. No. of Certified Crops * | J3: 10. First Name * (Operator) | K3: 11. Surname * (Operator) | L3: 12. Phone Number (Operator) | M3: 13. Ghana Card No. (Operator) ** | N3: 14. Gender * (Operator) | O3: 15. Year of Birth * (Operator) | P3: 16. First Name (Owner) | Q3: 17. Surname (Owner) | R3: 18. Phone No. (Owner) | S3: 19. Ghana Card (Owner) | T3: 20. Gender (Owner) | U3: 21. Permanent Workers * | V3: 22. Est. Temporary Workers/yr * | W3: 23. Inspector Name * | X3: 24. Inspection Year * | Y3: 25. Inspection Month * | Z3: 26. Inspection Day * | AA3: ✓ Farm ID in Tab 2 | AB3: ✓ Farm ID in Tab 3
A4: plot_master .plot_id | B4: N/A | C4: community_master .community_name | D4: farmer_master .district | E4: cooperative_master .cooperative_name | F4: plot_master area_acres ×0.405 | G4: DERIVED from area (ha) | H4: COUNT(plot_id) per farmer_code | I4: HARDCODE = 1 | J4: plot_master .operator_first_name | K4: plot_master .operator_last_name | L4: plot_master .operator_phone | M4: plot_master .operator_ghana_card | N4: plot_master .operator_gender | O4: plot_master YEAR(operator_dob) | P4: farmer_master .first_name | Q4: farmer_master .surname | R4: farmer_master .phone_number | S4: farmer_master .ghana_card_number | T4: farmer_master .gender | U4: inspection_records .permanent_staff | V4: inspection_records .temporary_staff | W4: inspection_records .inspector_name | X4: inspection_records YEAR(insp_date) | Y4: inspection_records MONTH(insp_date) | Z4: inspection_records DAY(insp_date) | AA4: AUTO-CALC (formula) | AB4: AUTO-CALC (formula)
AA5: =IFERROR(IF(COUNTIF('2. Certified Crop'!A:A,A5)>0,"✓ Present","⚠ MISSING!")," ") -> ⚠ MISSING! | AB5: =IFERROR(IF(COUNTIF('3. Farm Unit'!A:A,A5)>0,"✓ Present","⚠ MISSING!")," ") -> ⚠ MISSING!
AA6: =IFERROR(IF(COUNTIF('2. Certified Crop'!A:A,A6)>0,"✓ Present","⚠ MISSING!")," ") -> ⚠ MISSING! | AB6: =IFERROR(IF(COUNTIF('3. Farm Unit'!A:A,A6)>0,"✓ Present","⚠ MISSING!")," ") -> ⚠ MISSING!
AA7: =IFERROR(IF(COUNTIF('2. Certified Crop'!A:A,A7)>0,"✓ Present","⚠ MISSING!")," ") -> ⚠ MISSING! | AB7: =IFERROR(IF(COUNTIF('3. Farm Unit'!A:A,A7)>0,"✓ Present","⚠ MISSING!")," ") -> ⚠ MISSING!
AA8: =IFERROR(IF(COUNTIF('2. Certified Crop'!A:A,A8)>0,"✓ Present","⚠ MISSING!")," ") -> ⚠ MISSING! | AB8: =IFERROR(IF(COUNTIF('3. Farm Unit'!A:A,A8)>0,"✓ Present","⚠ MISSING!")," ") -> ⚠ MISSING!
AA9: =IFERROR(IF(COUNTIF('2. Certified Crop'!A:A,A9)>0,"✓ Present","⚠ MISSING!")," ") -> ⚠ MISSING! | AB9: =IFERROR(IF(COUNTIF('3. Farm Unit'!A:A,A9)>0,"✓ Present","⚠ MISSING!")," ") -> ⚠ MISSING!
AA10: =IFERROR(IF(COUNTIF('2. Certified Crop'!A:A,A10)>0,"✓ Present","⚠ MISSING!")," ") -> ⚠ MISSING! | AB10: =IFERROR(IF(COUNTIF('3. Farm Unit'!A:A,A10)>0,"✓ Present","⚠ MISSING!")," ") -> ⚠ MISSING!
AA11: =IFERROR(IF(COUNTIF('2. Certified Crop'!A:A,A11)>0,"✓ Present","⚠ MISSING!")," ") -> ⚠ MISSING! | AB11: =IFERROR(IF(COUNTIF('3. Farm Unit'!A:A,A11)>0,"✓ Present","⚠ MISSING!")," ") -> ⚠ MISSING!
AA12: =IFERROR(IF(COUNTIF('2. Certified Crop'!A:A,A12)>0,"✓ Present","⚠ MISSING!")," ") -> ⚠ MISSING! | AB12: =IFERROR(IF(COUNTIF('3. Farm Unit'!A:A,A12)>0,"✓ Present","⚠ MISSING!")," ") -> ⚠ MISSING!
AA13: =IFERROR(IF(COUNTIF('2. Certified Crop'!A:A,A13)>0,"✓ Present","⚠ MISSING!")," ") -> ⚠ MISSING! | AB13: =IFERROR(IF(COUNTIF('3. Farm Unit'!A:A,A13)>0,"✓ Present","⚠ MISSING!")," ") -> ⚠ MISSING!
AA14: =IFERROR(IF(COUNTIF('2. Certified Crop'!A:A,A14)>0,"✓ Present","⚠ MISSING!")," ") -> ⚠ MISSING! | AB14: =IFERROR(IF(COUNTIF('3. Farm Unit'!A:A,A14)>0,"✓ Present","⚠ MISSING!")," ") -> ⚠ MISSING!
AA15: =IFERROR(IF(COUNTIF('2. Certified Crop'!A:A,A15)>0,"✓ Present","⚠ MISSING!")," ") -> ⚠ MISSING! | AB15: =IFERROR(IF(COUNTIF('3. Farm Unit'!A:A,A15)>0,"✓ Present","⚠ MISSING!")," ") -> ⚠ MISSING!
AA16: =IFERROR(IF(COUNTIF('2. Certified Crop'!A:A,A16)>0,"✓ Present","⚠ MISSING!")," ") -> ⚠ MISSING! | AB16: =IFERROR(IF(COUNTIF('3. Farm Unit'!A:A,A16)>0,"✓ Present","⚠ MISSING!")," ") -> ⚠ MISSING!
... AA104: =IFERROR(IF(COUNTIF('2. Certified Crop'!A:A,A104)>0,"✓ Present","⚠ MISSING!")," ") -> ⚠ MISSING! | AB104: =IFERROR(IF(COUNTIF('3. Farm Unit'!A:A,A104)>0,"✓ Present","⚠ MISSING!")," ") -> ⚠ MISSING!

Sheet 2. Certified Crop
A1: ImpactCocoa – Group Member Registry | Tab 2: Certified Crop & Volumes | Rainforest Alliance Annex S13 v1.3
A2: CERTIFIED CROP AND VOLUMES INFORMATION | H2: USEFUL ANALYSIS (auto-calculated)
A3: 1. Unique Internal Farm ID * (= plot_id) | B3: 2. Certified Crop * | C3: 3. Variety (see RA crop list) | D3: 4. Certified Crop Area * (ha) | E3: 5. Total Harvest Estimate – Current Year * (kg) | F3: 6. Total Harvest Previous Year * (kg) | G3: 7. Volume Sold / Delivered to Group Prev. Year * (kg) | H3: ✓ Farm ID in Tab 1 | I3: ⚠ Volume > Harvest? | J3: 📈 Harvest Growth % | K3: Estimated Yield / ha (curr. yr) | L3: Last Year Yield / ha | M3: % Sold to Group | N3: Bags equiv. (÷64 kg/bag) Curr. yr | O3: Bags equiv. (÷64 kg/bag) Prev. yr | P3: Bags equiv. Sold to Group | Q3: Notes
A4: plot_master .plot_id | B4: HARDCODE 'Cocoa' | C4: plot_master .cocoa_variety | D4: plot_master area_acres×0.405 | E4: inspection_records .total_estimate_next_season_kg | F4: inspection_records .total_harvest_current_season_kg | G4: inspection_records .total_sold_to_group_current_season_kg | H4: AUTO | I4: AUTO | J4: AUTO | K4: AUTO | L4: AUTO | M4: AUTO | N4: AUTO | O4: AUTO | P4: AUTO | Q4: Free text
H5: =IFERROR(IF(COUNTIF('1. Farm Information'!A:A,A5)>0,"✓","⚠ MISSING!")," ") -> ⚠ MISSING! | I5: =IFERROR(IF(G5>F5,"⚠ Vol>Harvest","OK")," ") -> OK | J5: =IFERROR(IF(AND(ISNUMBER(E5),ISNUMBER(F5),F5<>0),(E5-F5)/F5,"—")," ") -> — | K5: =IFERROR(IF(AND(ISNUMBER(E5),ISNUMBER(D5),D5<>0),E5/D5,"—")," ") -> — | L5: =IFERROR(IF(AND(ISNUMBER(F5),ISNUMBER(D5),D5<>0),F5/D5,"—")," ") -> — | M5: =IFERROR(IF(AND(ISNUMBER(G5),ISNUMBER(F5),F5<>0),G5/F5,"—")," ") -> — | N5: =IFERROR(IF(ISNUMBER(E5),E5/64,"—")," ") -> — | O5: =IFERROR(IF(ISNUMBER(F5),F5/64,"—")," ") -> — | P5: =IFERROR(IF(ISNUMBER(G5),G5/64,"—")," ") -> —
H6: =IFERROR(IF(COUNTIF('1. Farm Information'!A:A,A6)>0,"✓","⚠ MISSING!")," ") -> ⚠ MISSING! | I6: =IFERROR(IF(G6>F6,"⚠ Vol>Harvest","OK")," ") -> OK | J6: =IFERROR(IF(AND(ISNUMBER(E6),ISNUMBER(F6),F6<>0),(E6-F6)/F6,"—")," ") -> — | K6: =IFERROR(IF(AND(ISNUMBER(E6),ISNUMBER(D6),D6<>0),E6/D6,"—")," ") -> — | L6: =IFERROR(IF(AND(ISNUMBER(F6),ISNUMBER(D6),D6<>0),F6/D6,"—")," ") -> — | M6: =IFERROR(IF(AND(ISNUMBER(G6),ISNUMBER(F6),F6<>0),G6/F6,"—")," ") -> — | N6: =IFERROR(IF(ISNUMBER(E6),E6/64,"—")," ") -> — | O6: =IFERROR(IF(ISNUMBER(F6),F6/64,"—")," ") -> — | P6: =IFERROR(IF(ISNUMBER(G6),G6/64,"—")," ") -> —
H7: =IFERROR(IF(COUNTIF('1. Farm Information'!A:A,A7)>0,"✓","⚠ MISSING!")," ") -> ⚠ MISSING! | I7: =IFERROR(IF(G7>F7,"⚠ Vol>Harvest","OK")," ") -> OK | J7: =IFERROR(IF(AND(ISNUMBER(E7),ISNUMBER(F7),F7<>0),(E7-F7)/F7,"—")," ") -> — | K7: =IFERROR(IF(AND(ISNUMBER(E7),ISNUMBER(D7),D7<>0),E7/D7,"—")," ") -> — | L7: =IFERROR(IF(AND(ISNUMBER(F7),ISNUMBER(D7),D7<>0),F7/D7,"—")," ") -> — | M7: =IFERROR(IF(AND(ISNUMBER(G7),ISNUMBER(F7),F7<>0),G7/F7,"—")," ") -> — | N7: =IFERROR(IF(ISNUMBER(E7),E7/64,"—")," ") -> — | O7: =IFERROR(IF(ISNUMBER(F7),F7/64,"—")," ") -> — | P7: =IFERROR(IF(ISNUMBER(G7),G7/64,"—")," ") -> —
H8: =IFERROR(IF(COUNTIF('1. Farm Information'!A:A,A8)>0,"✓","⚠ MISSING!")," ") -> ⚠ MISSING! | I8: =IFERROR(IF(G8>F8,"⚠ Vol>Harvest","OK")," ") -> OK | J8: =IFERROR(IF(AND(ISNUMBER(E8),ISNUMBER(F8),F8<>0),(E8-F8)/F8,"—")," ") -> — | K8: =IFERROR(IF(AND(ISNUMBER(E8),ISNUMBER(D8),D8<>0),E8/D8,"—")," ") -> — | L8: =IFERROR(IF(AND(ISNUMBER(F8),ISNUMBER(D8),D8<>0),F8/D8,"—")," ") -> — | M8: =IFERROR(IF(AND(ISNUMBER(G8),ISNUMBER(F8),F8<>0),G8/F8,"—")," ") -> — | N8: =IFERROR(IF(ISNUMBER(E8),E8/64,"—")," ") -> — | O8: =IFERROR(IF(ISNUMBER(F8),F8/64,"—")," ") -> — | P8: =IFERROR(IF(ISNUMBER(G8),G8/64,"—")," ") -> —
H9: =IFERROR(IF(COUNTIF('1. Farm Information'!A:A,A9)>0,"✓","⚠ MISSING!")," ") -> ⚠ MISSING! | I9: =IFERROR(IF(G9>F9,"⚠ Vol>Harvest","OK")," ") -> OK | J9: =IFERROR(IF(AND(ISNUMBER(E9),ISNUMBER(F9),F9<>0),(E9-F9)/F9,"—")," ") -> — | K9: =IFERROR(IF(AND(ISNUMBER(E9),ISNUMBER(D9),D9<>0),E9/D9,"—")," ") -> — | L9: =IFERROR(IF(AND(ISNUMBER(F9),ISNUMBER(D9),D9<>0),F9/D9,"—")," ") -> — | M9: =IFERROR(IF(AND(ISNUMBER(G9),ISNUMBER(F9),F9<>0),G9/F9,"—")," ") -> — | N9: =IFERROR(IF(ISNUMBER(E9),E9/64,"—")," ") -> — | O9: =IFERROR(IF(ISNUMBER(F9),F9/64,"—")," ") -> — | P9: =IFERROR(IF(ISNUMBER(G9),G9/64,"—")," ") -> —
H10: =IFERROR(IF(COUNTIF('1. Farm Information'!A:A,A10)>0,"✓","⚠ MISSING!")," ") -> ⚠ MISSING! | I10: =IFERROR(IF(G10>F10,"⚠ Vol>Harvest","OK")," ") -> OK | J10: =IFERROR(IF(AND(ISNUMBER(E10),ISNUMBER(F10),F10<>0),(E10-F10)/F10,"—")," ") -> — | K10: =IFERROR(IF(AND(ISNUMBER(E10),ISNUMBER(D10),D10<>0),E10/D10,"—")," ") -> — | L10: =IFERROR(IF(AND(ISNUMBER(F10),ISNUMBER(D10),D10<>0),F10/D10,"—")," ") -> — | M10: =IFERROR(IF(AND(ISNUMBER(G10),ISNUMBER(F10),F10<>0),G10/F10,"—")," ") -> — | N10: =IFERROR(IF(ISNUMBER(E10),E10/64,"—")," ") -> — | O10: =IFERROR(IF(ISNUMBER(F10),F10/64,"—")," ") -> — | P10: =IFERROR(IF(ISNUMBER(G10),G10/64,"—")," ") -> —
H11: =IFERROR(IF(COUNTIF('1. Farm Information'!A:A,A11)>0,"✓","⚠ MISSING!")," ") -> ⚠ MISSING! | I11: =IFERROR(IF(G11>F11,"⚠ Vol>Harvest","OK")," ") -> OK | J11: =IFERROR(IF(AND(ISNUMBER(E11),ISNUMBER(F11),F11<>0),(E11-F11)/F11,"—")," ") -> — | K11: =IFERROR(IF(AND(ISNUMBER(E11),ISNUMBER(D11),D11<>0),E11/D11,"—")," ") -> — | L11: =IFERROR(IF(AND(ISNUMBER(F11),ISNUMBER(D11),D11<>0),F11/D11,"—")," ") -> — | M11: =IFERROR(IF(AND(ISNUMBER(G11),ISNUMBER(F11),F11<>0),G11/F11,"—")," ") -> — | N11: =IFERROR(IF(ISNUMBER(E11),E11/64,"—")," ") -> — | O11: =IFERROR(IF(ISNUMBER(F11),F11/64,"—")," ") -> — | P11: =IFERROR(IF(ISNUMBER(G11),G11/64,"—")," ") -> —
H12: =IFERROR(IF(COUNTIF('1. Farm Information'!A:A,A12)>0,"✓","⚠ MISSING!")," ") -> ⚠ MISSING! | I12: =IFERROR(IF(G12>F12,"⚠ Vol>Harvest","OK")," ") -> OK | J12: =IFERROR(IF(AND(ISNUMBER(E12),ISNUMBER(F12),F12<>0),(E12-F12)/F12,"—")," ") -> — | K12: =IFERROR(IF(AND(ISNUMBER(E12),ISNUMBER(D12),D12<>0),E12/D12,"—")," ") -> — | L12: =IFERROR(IF(AND(ISNUMBER(F12),ISNUMBER(D12),D12<>0),F12/D12,"—")," ") -> — | M12: =IFERROR(IF(AND(ISNUMBER(G12),ISNUMBER(F12),F12<>0),G12/F12,"—")," ") -> — | N12: =IFERROR(IF(ISNUMBER(E12),E12/64,"—")," ") -> — | O12: =IFERROR(IF(ISNUMBER(F12),F12/64,"—")," ") -> — | P12: =IFERROR(IF(ISNUMBER(G12),G12/64,"—")," ") -> —
H13: =IFERROR(IF(COUNTIF('1. Farm Information'!A:A,A13)>0,"✓","⚠ MISSING!")," ") -> ⚠ MISSING! | I13: =IFERROR(IF(G13>F13,"⚠ Vol>Harvest","OK")," ") -> OK | J13: =IFERROR(IF(AND(ISNUMBER(E13),ISNUMBER(F13),F13<>0),(E13-F13)/F13,"—")," ") -> — | K13: =IFERROR(IF(AND(ISNUMBER(E13),ISNUMBER(D13),D13<>0),E13/D13,"—")," ") -> — | L13: =IFERROR(IF(AND(ISNUMBER(F13),ISNUMBER(D13),D13<>0),F13/D13,"—")," ") -> — | M13: =IFERROR(IF(AND(ISNUMBER(G13),ISNUMBER(F13),F13<>0),G13/F13,"—")," ") -> — | N13: =IFERROR(IF(ISNUMBER(E13),E13/64,"—")," ") -> — | O13: =IFERROR(IF(ISNUMBER(F13),F13/64,"—")," ") -> — | P13: =IFERROR(IF(ISNUMBER(G13),G13/64,"—")," ") -> —
H14: =IFERROR(IF(COUNTIF('1. Farm Information'!A:A,A14)>0,"✓","⚠ MISSING!")," ") -> ⚠ MISSING! | I14: =IFERROR(IF(G14>F14,"⚠ Vol>Harvest","OK")," ") -> OK | J14: =IFERROR(IF(AND(ISNUMBER(E14),ISNUMBER(F14),F14<>0),(E14-F14)/F14,"—")," ") -> — | K14: =IFERROR(IF(AND(ISNUMBER(E14),ISNUMBER(D14),D14<>0),E14/D14,"—")," ") -> — | L14: =IFERROR(IF(AND(ISNUMBER(F14),ISNUMBER(D14),D14<>0),F14/D14,"—")," ") -> — | M14: =IFERROR(IF(AND(ISNUMBER(G14),ISNUMBER(F14),F14<>0),G14/F14,"—")," ") -> — | N14: =IFERROR(IF(ISNUMBER(E14),E14/64,"—")," ") -> — | O14: =IFERROR(IF(ISNUMBER(F14),F14/64,"—")," ") -> — | P14: =IFERROR(IF(ISNUMBER(G14),G14/64,"—")," ") -> —
H15: =IFERROR(IF(COUNTIF('1. Farm Information'!A:A,A15)>0,"✓","⚠ MISSING!")," ") -> ⚠ MISSING! | I15: =IFERROR(IF(G15>F15,"⚠ Vol>Harvest","OK")," ") -> OK | J15: =IFERROR(IF(AND(ISNUMBER(E15),ISNUMBER(F15),F15<>0),(E15-F15)/F15,"—")," ") -> — | K15: =IFERROR(IF(AND(ISNUMBER(E15),ISNUMBER(D15),D15<>0),E15/D15,"—")," ") -> — | L15: =IFERROR(IF(AND(ISNUMBER(F15),ISNUMBER(D15),D15<>0),F15/D15,"—")," ") -> — | M15: =IFERROR(IF(AND(ISNUMBER(G15),ISNUMBER(F15),F15<>0),G15/F15,"—")," ") -> — | N15: =IFERROR(IF(ISNUMBER(E15),E15/64,"—")," ") -> — | O15: =IFERROR(IF(ISNUMBER(F15),F15/64,"—")," ") -> — | P15: =IFERROR(IF(ISNUMBER(G15),G15/64,"—")," ") -> —
H16: =IFERROR(IF(COUNTIF('1. Farm Information'!A:A,A16)>0,"✓","⚠ MISSING!")," ") -> ⚠ MISSING! | I16: =IFERROR(IF(G16>F16,"⚠ Vol>Harvest","OK")," ") -> OK | J16: =IFERROR(IF(AND(ISNUMBER(E16),ISNUMBER(F16),F16<>0),(E16-F16)/F16,"—")," ") -> — | K16: =IFERROR(IF(AND(ISNUMBER(E16),ISNUMBER(D16),D16<>0),E16/D16,"—")," ") -> — | L16: =IFERROR(IF(AND(ISNUMBER(F16),ISNUMBER(D16),D16<>0),F16/D16,"—")," ") -> — | M16: =IFERROR(IF(AND(ISNUMBER(G16),ISNUMBER(F16),F16<>0),G16/F16,"—")," ") -> — | N16: =IFERROR(IF(ISNUMBER(E16),E16/64,"—")," ") -> — | O16: =IFERROR(IF(ISNUMBER(F16),F16/64,"—")," ") -> — | P16: =IFERROR(IF(ISNUMBER(G16),G16/64,"—")," ") -> —
... H104: =IFERROR(IF(COUNTIF('1. Farm Information'!A:A,A104)>0,"✓","⚠ MISSING!")," ") -> ⚠ MISSING! | I104: =IFERROR(IF(G104>F104,"⚠ Vol>Harvest","OK")," ") -> OK | J104: =IFERROR(IF(AND(ISNUMBER(E104),ISNUMBER(F104),F104<>0),(E104-F104)/F104,"—")," ") -> — | K104: =IFERROR(IF(AND(ISNUMBER(E104),ISNUMBER(D104),D104<>0),E104/D104,"—")," ") -> — | L104: =IFERROR(IF(AND(ISNUMBER(F104),ISNUMBER(D104),D104<>0),F104/D104,"—")," ") -> — | M104: =IFERROR(IF(AND(ISNUMBER(G104),ISNUMBER(F104),F104<>0),G104/F104,"—")," ") -> — | N104: =IFERROR(IF(ISNUMBER(E104),E104/64,"—")," ") -> — | O104: =IFERROR(IF(ISNUMBER(F104),F104/64,"—")," ") -> — | P104: =IFERROR(IF(ISNUMBER(G104),G104/64,"—")," ") -> —

Sheet 3. Farm Unit
A1: ImpactCocoa – Group Member Registry | Tab 3: Farm Units & GPS Coordinates | Rainforest Alliance Annex S13 v1.3
A2: FARM UNIT INFORMATION — WGS84 / EPSG:4326 | Decimal Degrees | Minimum 6 decimal places | F2: VALIDATION (auto-calculated)
A3: 1. Unique Internal Farm ID * (= plot_id) | B3: 2. Farm Unit ID * (= plot_id for single-plot farms) | C3: 3. Farm Unit Area * (ha) | D3: 4. Latitude ** (DD – WGS84) ≥ 6 decimal places | E3: 5. Longitude ** (DD – WGS84) ≥ 6 decimal places | F3: ✓ Farm ID in Tab 1 | G3: Latitude Check | H3: Longitude Check | I3: Largest Unit? | J3: Notes
A4: plot_master .plot_id | B4: plot_master .plot_id (same for single plot) | C4: plot_master area_acres×0.405 | D4: plot_master farm_gps_point [latitude component] | E4: plot_master farm_gps_point [longitude component] | F4: AUTO | G4: AUTO | H4: AUTO | I4: AUTO | J4: Free text
F5: =IFERROR(IF(COUNTIF('1. Farm Information'!A:A,A5)>0,"✓","⚠ MISSING!")," ") -> ⚠ MISSING! | G5: =IFERROR(IF(D5="","",IF(AND(ISNUMBER(D5),D5>=-90,D5<=90),"✓ Valid","⚠ Check value"))," ") | H5: =IFERROR(IF(E5="","",IF(AND(ISNUMBER(E5),E5>=-180,E5<=180),"✓ Valid","⚠ Check value"))," ") | I5: =IFERROR(IF(A5 = "", "", IF(C5 = _xlfn.SINGLE(_xlfn.MAXIFS(C:C, A:A, A5)), "★ Largest", "")), " ")
F6: =IFERROR(IF(COUNTIF('1. Farm Information'!A:A,A6)>0,"✓","⚠ MISSING!")," ") -> ⚠ MISSING! | G6: =IFERROR(IF(D6="","",IF(AND(ISNUMBER(D6),D6>=-90,D6<=90),"✓ Valid","⚠ Check value"))," ") | H6: =IFERROR(IF(E6="","",IF(AND(ISNUMBER(E6),E6>=-180,E6<=180),"✓ Valid","⚠ Check value"))," ") | I6: =IFERROR(IF(A6 = "", "", IF(C6 = _xlfn.SINGLE(_xlfn.MAXIFS(C:C, A:A, A6)), "★ Largest", "")), " ")
F7: =IFERROR(IF(COUNTIF('1. Farm Information'!A:A,A7)>0,"✓","⚠ MISSING!")," ") -> ⚠ MISSING! | G7: =IFERROR(IF(D7="","",IF(AND(ISNUMBER(D7),D7>=-90,D7<=90),"✓ Valid","⚠ Check value"))," ") | H7: =IFERROR(IF(E7="","",IF(AND(ISNUMBER(E7),E7>=-180,E7<=180),"✓ Valid","⚠ Check value"))," ") | I7: =IFERROR(IF(A7 = "", "", IF(C7 = _xlfn.SINGLE(_xlfn.MAXIFS(C:C, A:A, A7)), "★ Largest", "")), " ")
F8: =IFERROR(IF(COUNTIF('1. Farm Information'!A:A,A8)>0,"✓","⚠ MISSING!")," ") -> ⚠ MISSING! | G8: =IFERROR(IF(D8="","",IF(AND(ISNUMBER(D8),D8>=-90,D8<=90),"✓ Valid","⚠ Check value"))," ") | H8: =IFERROR(IF(E8="","",IF(AND(ISNUMBER(E8),E8>=-180,E8<=180),"✓ Valid","⚠ Check value"))," ") | I8: =IFERROR(IF(A8 = "", "", IF(C8 = _xlfn.SINGLE(_xlfn.MAXIFS(C:C, A:A, A8)), "★ Largest", "")), " ")
F9: =IFERROR(IF(COUNTIF('1. Farm Information'!A:A,A9)>0,"✓","⚠ MISSING!")," ") -> ⚠ MISSING! | G9: =IFERROR(IF(D9="","",IF(AND(ISNUMBER(D9),D9>=-90,D9<=90),"✓ Valid","⚠ Check value"))," ") | H9: =IFERROR(IF(E9="","",IF(AND(ISNUMBER(E9),E9>=-180,E9<=180),"✓ Valid","⚠ Check value"))," ") | I9: =IFERROR(IF(A9 = "", "", IF(C9 = _xlfn.SINGLE(_xlfn.MAXIFS(C:C, A:A, A9)), "★ Largest", "")), " ")
F10: =IFERROR(IF(COUNTIF('1. Farm Information'!A:A,A10)>0,"✓","⚠ MISSING!")," ") -> ⚠ MISSING! | G10: =IFERROR(IF(D10="","",IF(AND(ISNUMBER(D10),D10>=-90,D10<=90),"✓ Valid","⚠ Check value"))," ") | H10: =IFERROR(IF(E10="","",IF(AND(ISNUMBER(E10),E10>=-180,E10<=180),"✓ Valid","⚠ Check value"))," ") | I10: =IFERROR(IF(A10 = "", "", IF(C10 = _xlfn.SINGLE(_xlfn.MAXIFS(C:C, A:A, A10)), "★ Largest", "")), " ")
F11: =IFERROR(IF(COUNTIF('1. Farm Information'!A:A,A11)>0,"✓","⚠ MISSING!")," ") -> ⚠ MISSING! | G11: =IFERROR(IF(D11="","",IF(AND(ISNUMBER(D11),D11>=-90,D11<=90),"✓ Valid","⚠ Check value"))," ") | H11: =IFERROR(IF(E11="","",IF(AND(ISNUMBER(E11),E11>=-180,E11<=180),"✓ Valid","⚠ Check value"))," ") | I11: =IFERROR(IF(A11 = "", "", IF(C11 = _xlfn.SINGLE(_xlfn.MAXIFS(C:C, A:A, A11)), "★ Largest", "")), " ")
F12: =IFERROR(IF(COUNTIF('1. Farm Information'!A:A,A12)>0,"✓","⚠ MISSING!")," ") -> ⚠ MISSING! | G12: =IFERROR(IF(D12="","",IF(AND(ISNUMBER(D12),D12>=-90,D12<=90),"✓ Valid","⚠ Check value"))," ") | H12: =IFERROR(IF(E12="","",IF(AND(ISNUMBER(E12),E12>=-180,E12<=180),"✓ Valid","⚠ Check value"))," ") | I12: =IFERROR(IF(A12 = "", "", IF(C12 = _xlfn.SINGLE(_xlfn.MAXIFS(C:C, A:A, A12)), "★ Largest", "")), " ")
F13: =IFERROR(IF(COUNTIF('1. Farm Information'!A:A,A13)>0,"✓","⚠ MISSING!")," ") -> ⚠ MISSING! | G13: =IFERROR(IF(D13="","",IF(AND(ISNUMBER(D13),D13>=-90,D13<=90),"✓ Valid","⚠ Check value"))," ") | H13: =IFERROR(IF(E13="","",IF(AND(ISNUMBER(E13),E13>=-180,E13<=180),"✓ Valid","⚠ Check value"))," ") | I13: =IFERROR(IF(A13 = "", "", IF(C13 = _xlfn.SINGLE(_xlfn.MAXIFS(C:C, A:A, A13)), "★ Largest", "")), " ")
F14: =IFERROR(IF(COUNTIF('1. Farm Information'!A:A,A14)>0,"✓","⚠ MISSING!")," ") -> ⚠ MISSING! | G14: =IFERROR(IF(D14="","",IF(AND(ISNUMBER(D14),D14>=-90,D14<=90),"✓ Valid","⚠ Check value"))," ") | H14: =IFERROR(IF(E14="","",IF(AND(ISNUMBER(E14),E14>=-180,E14<=180),"✓ Valid","⚠ Check value"))," ") | I14: =IFERROR(IF(A14 = "", "", IF(C14 = _xlfn.SINGLE(_xlfn.MAXIFS(C:C, A:A, A14)), "★ Largest", "")), " ")
F15: =IFERROR(IF(COUNTIF('1. Farm Information'!A:A,A15)>0,"✓","⚠ MISSING!")," ") -> ⚠ MISSING! | G15: =IFERROR(IF(D15="","",IF(AND(ISNUMBER(D15),D15>=-90,D15<=90),"✓ Valid","⚠ Check value"))," ") | H15: =IFERROR(IF(E15="","",IF(AND(ISNUMBER(E15),E15>=-180,E15<=180),"✓ Valid","⚠ Check value"))," ") | I15: =IFERROR(IF(A15 = "", "", IF(C15 = _xlfn.SINGLE(_xlfn.MAXIFS(C:C, A:A, A15)), "★ Largest", "")), " ")
F16: =IFERROR(IF(COUNTIF('1. Farm Information'!A:A,A16)>0,"✓","⚠ MISSING!")," ") -> ⚠ MISSING! | G16: =IFERROR(IF(D16="","",IF(AND(ISNUMBER(D16),D16>=-90,D16<=90),"✓ Valid","⚠ Check value"))," ") | H16: =IFERROR(IF(E16="","",IF(AND(ISNUMBER(E16),E16>=-180,E16<=180),"✓ Valid","⚠ Check value"))," ") | I16: =IFERROR(IF(A16 = "", "", IF(C16 = _xlfn.SINGLE(_xlfn.MAXIFS(C:C, A:A, A16)), "★ Largest", "")), " ")
... F104: =IFERROR(IF(COUNTIF('1. Farm Information'!A:A,A104)>0,"✓","⚠ MISSING!")," ") -> ⚠ MISSING! | G104: =IFERROR(IF(D104="","",IF(AND(ISNUMBER(D104),D104>=-90,D104<=90),"✓ Valid","⚠ Check value"))," ") | H104: =IFERROR(IF(E104="","",IF(AND(ISNUMBER(E104),E104>=-180,E104<=180),"✓ Valid","⚠ Check value"))," ") | I104: =IFERROR(IF(A104 = "", "", IF(C104 = _xlfn.SINGLE(_xlfn.MAXIFS(C:C, A:A, A104)), "★ Largest", "")), " ")

Sheet Dashboard
B1: ImpactCocoa GMR Dashboard – Summary of Group Information
B2: Fill in tabs 1, 2, and 3 first — then review the indicators below. Numbers update automatically when data is entered.
B4: COMPLETENESS – Tab 1: Farm Information
B5: Total farms registered (unique Farm IDs) | C5: =COUNTA('1. Farm Information'!A5:A104) -> 0 | D5: Count of non-blank Farm ID cells in Tab 1
B6: Farms with missing inspection data | C6: =COUNTIF('1. Farm Information'!W5:W104,"⚠ MISSING!") -> 0 | D6: Farms whose Farm ID is absent in Tab 2
B7: Farms with missing farm unit data | C7: =COUNTIF('1. Farm Information'!X5:X104,"⚠ MISSING!") -> 0 | D7: Farms whose Farm ID is absent in Tab 3
B8: COMPLETENESS – Tab 2: Certified Crop
B9: Total crop records | C9: =COUNTA('2. Certified Crop'!A5:A104) -> 0 | D9: Rows with a Farm ID in Tab 2
B10: Total certified crop area (ha) | C10: =SUM('2. Certified Crop'!D5:D104) -> 0 | D10: Sum of column 4 – Certified crop area (ha)
B11: Total harvest estimate – current year (kg) | C11: =SUM('2. Certified Crop'!E5:E104) -> 0 | D11: Sum of column 5 – Harvest estimate current year
B12: Total harvest – previous year (kg) | C12: =SUM('2. Certified Crop'!F5:F104) -> 0 | D12: Sum of column 6 – Harvest previous year
B13: Total volume sold to group – prev. year (kg) | C13: =SUM('2. Certified Crop'!G5:G104) -> 0 | D13: Sum of column 7 – Volume sold to group
B14: Avg. yield / ha – current year estimate (kg/ha) | C14: =IFERROR(SUM('2. Certified Crop'!E5:E104)/SUM('2. Certified Crop'!D5:D104),"—") -> — | D14: Total current harvest ÷ total certified area
B15: Avg. yield / ha – previous year (kg/ha) | C15: =IFERROR(SUM('2. Certified Crop'!F5:F104)/SUM('2. Certified Crop'!D5:D104),"—") -> — | D15: Total prev. harvest ÷ total certified area
B16: Volume sold > Harvest warnings | C16: =COUNTIF('2. Certified Crop'!I5:I104,"⚠ Vol>Harvest") -> 0 | D16: Rows where sold volume exceeds harvest — review required
B17: COMPLETENESS – Tab 3: Farm Units (GPS)
B18: Total farm unit records | C18: =COUNTA('3. Farm Unit'!A5:A104) -> 0 | D18: Count of farm unit rows in Tab 3
B19: Total farm unit area (ha) | C19: =SUM('3. Farm Unit'!C5:C104) -> 0 | D19: Sum of column 3 – Farm unit area
B20: Latitude errors / missing | C20: =COUNTIF('3. Farm Unit'!G5:G104,"⚠ Check value") -> 0 | D20: Latitude values outside valid -90 to +90 range
B21: Longitude errors / missing | C21: =COUNTIF('3. Farm Unit'!H5:H104,"⚠ Check value") -> 0 | D21: Longitude values outside valid -180 to +180 range
B22: Largest units identified | C22: =COUNTIF('3. Farm Unit'!I5:I104,"★ Largest") -> 0 | D22: Farms with largest farm unit flagged (one per Farm ID expected)
B23: WORKFORCE SUMMARY
B24: Total permanent workers (all farms) | C24: =SUM('1. Farm Information'!U5:U104) -> 0 | D24: Sum of column 21 – Permanent workers
B25: Total est. temporary workers/year (all farms) | C25: =SUM('1. Farm Information'!V5:V104) -> 0 | D25: Sum of column 22 – Temporary workers
